{"nodes":{"node:10":{"location":{"x":-1179,"y":393}},"node:19":{"location":{"x":-960,"y":505}},"node:25":{"location":{"x":-1307,"y":457}},"node:28":{"location":{"x":-1371,"y":537}},"node:31":{"location":{"x":-1419,"y":633}},"node:34":{"location":{"x":-1275,"y":713}},"node:37":{"location":{"x":-838,"y":393}},"node:44":{"location":{"x":-1158,"y":265}},"node:5":{"location":{"x":-568,"y":252}}},"selection":null,"view":{"scroll":{"x":-847.7574462890625,"y":-37.5632171630859375},"visible_rect":{"max":{"x":-81.514892578125,"y":929.2735595703125},"min":{"x":-1695.514892578125,"y":-75.126434326171875}},"zoom":0.5}}