{"nodes":{"node:1":{"location":{"x":-252,"y":220}},"node:5":{"location":{"x":122,"y":302}}},"selection":null,"view":{"scroll":{"x":-358.477783203125,"y":36.906341552734375},"visible_rect":{"max":{"x":598.0296630859375,"y":674.8084716796875},"min":{"x":-477.97039794921875,"y":49.2084579467773438}},"zoom":0.75}}