{"nodes":{"node:5":{"location":{"x":-710,"y":185}}},"selection":null,"view":{"scroll":{"x":-720.2431640625,"y":44.3097610473632812},"visible_rect":{"max":{"x":115.67578125,"y":728.6796875},"min":{"x":-960.32421875,"y":59.079681396484375}},"zoom":0.75}}