{"nodes":{"node:1":{"location":{"x":-252,"y":220}},"node:10":{"location":{"x":-69,"y":652}},"node:5":{"location":{"x":-300,"y":351}}},"selection":null,"view":{"scroll":{"x":-522.3104248046875,"y":43.2605743408203125},"visible_rect":{"max":{"x":569.379150390625,"y":1024.921142578125},"min":{"x":-1044.620849609375,"y":86.521148681640625}},"zoom":0.5}}